ADM2_CODE,ADM2_NAME,ADM1_NAME,CDI_mean,CDI_std,CDI_min,CDI_max,CDI_median,n_observations,n_partial,worst_drought_date,worst_drought_month
3448,Eshkmesh,Badakhshan,51.87,18.88,8.51,99.88,51.3,307,0,2008-07-01,2008-07
3452,Koran wa Monjan,Badakhshan,51.53,17.56,7.93,92.28,51.73,307,0,2001-04-01,2001-04
3454,Shahr-e-Buzorg,Badakhshan,47.41,21.38,3.07,95.73,46.56,307,0,2008-03-01,2008-03
3455,Shighnan,Badakhshan,50.34,19.41,5.85,95.07,49.32,307,0,2010-12-01,2010-12
3456,Wakhan,Badakhshan,53.69,15.93,11.02,91.68,53.72,307,0,2001-06-01,2001-06
3457,Zebak,Badakhshan,51.07,17.97,9.17,97.59,50.48,307,0,2001-03-01,2001-03
3459,Ghormach,Badghis,47.87,20.46,4.04,94.24,48.4,307,0,2018-01-01,2018-01
3460,Jawand,Badghis,47.91,22.16,0.94,96.33,49.27,307,0,2000-06-01,2000-06
3462,Balamurghab,Badghis,47.65,20.3,3.71,94.2,48.66,307,0,2018-01-01,2018-01
3468,Burka,Baghlan,48.5,21.15,2.06,90.19,49.68,307,0,2000-06-01,2000-06
3469,Dahana-e-Ghori,Baghlan,50.46,21.28,0.22,91.66,51.48,307,0,2023-06-01,2023-06
3470,Doshi,Baghlan,50.9,20.69,1.91,95.89,52.34,307,0,2023-06-01,2023-06
3472,Khenjan,Baghlan,48.75,19.99,2.78,93.17,50.11,307,0,2023-06-01,2023-06
3475,Pul-e- khumri,Baghlan,49.39,20.21,4.35,93.44,51.25,307,0,2008-03-01,2008-03
3476,Tala Wa barfak,Baghlan,50.37,19.92,6.66,96.7,50.35,307,0,2023-06-01,2023-06
3477,Balkh,Balkh,51.74,21.38,5.92,97.11,52.6,307,0,2018-01-01,2018-01
3478,Charbulak,Balkh,48.87,21.54,5.22,93.59,48.74,307,0,2000-07-01,2000-07
3479,Charkent,Balkh,48.82,20.14,4.12,93.09,48.09,307,0,2000-06-01,2000-06
3480,Chemtal,Balkh,47.71,18.94,4.09,95.65,49.55,307,0,2018-01-01,2018-01
3481,Dawlatabad,Balkh,49.54,19.66,7.49,93.99,49.23,307,0,2001-04-01,2001-04
3482,Dehdadi,Balkh,51.21,20.01,3.44,94.73,53.13,307,0,2018-01-01,2018-01
3486,Marmul,Balkh,46.57,17.95,3.46,90.64,46.97,307,0,2018-01-01,2018-01
3487,Mazar-e-Sharif,Balkh,48.08,18.4,2.61,88.39,48.31,307,0,2018-01-01,2018-01
3488,Nahr-e- Shahi,Balkh,48.43,19.46,4.22,90.88,49.94,307,0,2010-12-01,2010-12
3489,Sholgareh,Balkh,48.03,19.4,7.67,94.9,48.75,307,0,2001-05-01,2001-05
3490,Shortepa,Balkh,51.15,18.93,7.35,97.19,51.11,307,0,2001-04-01,2001-04
3491,Bamyan,Bamyan,49.46,18.48,6.76,94.17,49.1,307,0,2000-06-01,2000-06
3493,Shibar,Bamyan,50.23,18.88,8.42,94.94,49.58,307,0,2001-06-01,2001-06
3495,Yakawlang,Bamyan,49.31,18.21,1.01,93.88,49.32,307,0,2000-06-01,2000-06
3496,Anardara,Farah,46.91,17.93,8.15,92.19,46.97,307,0,2001-04-01,2001-04
3497,Bakwa,Farah,49.46,19.68,8.66,96.51,50.2,307,26,2001-03-01,2001-03
3498,Balabuluk,Farah,48.05,20.21,7.39,96.75,48.19,307,26,2008-03-01,2008-03
3499,Farah,Farah,50.07,19.6,5.99,96.58,50.44,307,26,2002-09-01,2002-09
3500,Gulestan,Farah,48.38,19.89,6.72,95.53,47.92,307,26,2021-04-01,2021-04
3501,Khak-e-Safed,Farah,49.09,20.5,3.45,100.0,48.52,307,26,2011-01-01,2011-01
3502,Lash-e-Juwayn,Farah,50.6,17.79,10.06,95.76,51.29,307,0,2008-04-01,2008-04
3503,Purchaman,Farah,48.23,20.12,3.15,99.53,48.21,307,26,2004-04-01,2004-04
3504,Pushtrod,Farah,50.46,21.57,6.27,100.0,49.32,307,26,2011-01-01,2011-01
3505,Qala-e-Kah,Farah,49.05,19.0,6.45,99.4,49.08,307,26,2008-04-01,2008-04
3506,Shibkoh,Farah,49.75,18.37,8.7,97.46,49.96,307,26,2001-04-01,2001-04
3507,Almar,Faryab,46.61,20.44,3.81,95.55,47.22,307,0,2018-01-01,2018-01
3508,Qorghan,Faryab,45.78,18.14,0.61,93.76,45.89,307,26,2018-09-01,2018-09
3510,Dawlatabad,Faryab,46.77,18.41,6.7,93.65,47.06,307,0,2010-12-01,2010-12
3511,Khan-e-Char Bagh,Faryab,47.01,18.16,6.9,93.37,46.05,307,26,2023-03-01,2023-03
3513,Kohestan,Faryab,47.75,21.98,1.66,96.05,48.76,307,0,2000-06-01,2000-06
3517,Qaysar,Faryab,49.21,21.18,3.68,95.8,49.99,307,0,2018-01-01,2018-01
3518,Shirintagab,Faryab,46.29,19.49,4.09,95.57,47.32,307,0,2018-01-01,2018-01
3519,Abband,Ghazni,51.5,21.38,3.23,98.01,51.37,307,0,2004-04-01,2004-04
3520,Ajrestan,Ghazni,51.5,19.73,4.6,96.25,51.97,307,0,2000-06-01,2000-06
3521,Andar,Ghazni,50.91,21.96,2.66,94.09,51.09,307,0,2004-04-01,2004-04
3523,Dehyak,Ghazni,50.74,21.94,5.66,94.66,50.31,307,0,2000-06-01,2000-06
3524,Gelan,Ghazni,50.51,21.0,4.35,98.27,48.42,307,0,2004-04-01,2004-04
3525,Ghazni,Ghazni,50.15,21.73,3.97,91.52,50.21,307,0,2004-04-01,2004-04
3526,Giro,Ghazni,50.94,21.02,2.51,97.4,49.81,307,0,2004-04-01,2004-04
3528,Jaghuri,Ghazni,51.65,18.61,4.71,93.28,52.07,307,0,2000-06-01,2000-06
3529,Malestan,Ghazni,52.08,18.05,5.08,97.06,52.12,307,0,2000-06-01,2000-06
3530,Muqur,Ghazni,51.32,20.24,5.44,95.06,50.15,307,0,2004-05-01,2004-05
3532,Nawur,Ghazni,51.73,17.59,2.72,89.85,51.67,307,0,2000-06-01,2000-06
3533,Qarabagh,Ghazni,50.77,20.26,5.11,90.8,50.78,307,0,2004-04-01,2004-04
3534,Zanakhan,Ghazni,51.04,19.06,5.88,90.52,50.52,307,0,2000-06-01,2000-06
3536,Lal Wa Sarjangal,Ghor,50.36,18.74,0.0,96.46,50.35,307,0,2000-06-01,2000-06
3537,Pasaband,Ghor,48.17,19.29,3.85,92.31,47.69,307,0,2000-06-01,2000-06
3538,Saghar,Ghor,47.37,20.2,0.0,100.0,46.37,307,26,2021-09-01,2021-09
3540,Taywarah,Ghor,47.75,19.69,2.79,94.53,47.19,307,0,2000-06-01,2000-06
3541,Tolak,Ghor,47.97,20.22,0.95,94.15,46.94,307,0,2000-06-01,2000-06
3542,Baghran,Hilmand,46.46,20.15,5.5,95.28,45.13,307,0,2000-06-01,2000-06
3543,Deh-e-shu,Hilmand,49.3,17.64,9.69,93.72,48.94,307,0,2004-02-01,2004-02
3544,Garmser,Hilmand,49.76,18.17,8.27,94.63,51.16,307,0,2004-02-01,2004-02
3545,Kajaki,Hilmand,49.26,20.12,5.45,99.08,48.4,307,0,2011-01-01,2011-01
3546,Lashkargah,Hilmand,51.99,19.91,8.58,98.09,52.14,307,0,2004-02-01,2004-02
3547,Musaqalah,Hilmand,48.87,20.31,5.61,98.36,47.39,307,0,2011-01-01,2011-01
3548,Nad-e-Ali,Hilmand,53.11,20.26,2.93,98.67,52.96,307,0,2004-11-01,2004-11
3549,Nahr-e-Saraj,Hilmand,51.92,21.91,3.85,100.0,51.58,307,0,2004-11-01,2004-11
3550,Nawzad,Hilmand,47.85,19.85,7.16,95.31,48.81,307,0,2011-01-01,2011-01
3551,Nawa-e-Barakzaiy,Hilmand,53.18,19.71,4.36,96.78,54.51,307,0,2004-02-01,2004-02
3552,Reg,Hilmand,50.18,17.41,9.99,92.61,51.03,307,0,2004-02-01,2004-02
3553,Sangin,Hilmand,51.86,19.93,7.33,99.97,51.41,307,0,2011-01-01,2011-01
3554,Washer,Hilmand,49.69,19.37,8.11,98.7,48.87,307,0,2004-02-01,2004-02
3556,Chisht-e-Sharif,Hirat,48.84,20.49,1.42,94.48,49.1,307,0,2000-06-01,2000-06
3557,Farsi,Hirat,48.24,19.94,3.28,95.64,47.2,307,0,2000-06-01,2000-06
3559,Gulran,Hirat,45.02,17.87,4.51,95.0,44.89,307,0,2023-05-01,2023-05
3561,Herat,Hirat,47.97,20.83,0.0,100.0,48.19,307,26,2000-09-01,2000-09
3562,Injil,Hirat,48.28,20.65,0.3,100.0,47.3,307,0,2000-06-01,2000-06
3563,Karukh,Hirat,47.52,20.22,1.74,95.61,48.72,307,0,2000-06-01,2000-06
3565,Kushk,Hirat,46.95,18.83,3.38,94.11,46.79,307,0,2018-01-01,2018-01
3567,Obe,Hirat,47.73,21.31,1.19,95.34,47.75,307,0,2000-06-01,2000-06
3568,Pashtunzarghun,Hirat,48.23,20.7,0.0,95.31,48.03,307,0,2000-06-01,2000-06
3569,Shindand,Hirat,47.22,19.8,6.13,92.56,47.98,307,0,2008-03-01,2008-03
3570,Zindajan,Hirat,45.33,18.34,7.2,94.82,44.04,307,0,2000-05-01,2000-05
3574,Khamyab,Jawzjan,45.05,17.68,3.19,93.35,44.74,307,0,2021-02-01,2021-02
3575,Khwajadukoh,Jawzjan,45.49,17.19,5.16,93.58,45.03,307,0,2018-01-01,2018-01
3576,Mardyan,Jawzjan,46.64,18.14,3.29,90.95,46.61,307,0,2018-01-01,2018-01
3577,Mingajik,Jawzjan,46.53,18.3,2.59,91.8,47.19,307,0,2018-01-01,2018-01
3578,Qarqin,Jawzjan,48.03,17.29,2.96,87.76,48.32,307,0,2018-01-01,2018-01
3579,Shiberghan,Jawzjan,45.92,18.17,3.88,94.99,45.8,307,0,2021-02-01,2021-02
3580,Bagrami,Kabul,50.38,20.95,6.34,97.15,51.83,307,0,2006-07-01,2006-07
3581,Chaharasyab,Kabul,48.93,20.65,5.57,92.83,48.61,307,0,2004-04-01,2004-04
3582,Dehsabz,Kabul,50.04,20.91,4.34,95.88,51.65,307,0,2004-04-01,2004-04
3583,Farza,Kabul,48.59,21.09,6.2,94.54,48.22,307,0,2021-02-01,2021-02
3584,Estalef,Kabul,49.65,20.89,6.84,94.1,48.74,307,0,2011-01-01,2011-01
3585,Kabul,Kabul,50.25,20.62,4.83,96.66,52.68,307,0,2004-04-01,2004-04
3586,Kalakan,Kabul,49.94,22.92,4.18,95.72,50.31,307,0,2011-01-01,2011-01
3587,Khak-e- Jabbar,Kabul,49.64,19.36,5.02,93.85,50.29,307,0,2000-10-01,2000-10
3588,Mirbachakot,Kabul,52.21,22.51,9.23,95.36,55.11,307,0,2004-04-01,2004-04
3589,Musayi,Kabul,48.35,20.52,5.36,94.35,48.83,307,0,2006-07-01,2006-07
3590,Paghman,Kabul,49.95,20.75,8.72,92.65,51.09,307,0,2010-12-01,2010-12
3591,Qarabagh,Kabul,49.32,22.24,4.92,94.03,49.62,307,0,2011-01-01,2011-01
3593,Surobi,Kabul,48.68,20.14,3.82,95.8,49.63,307,0,2004-04-01,2004-04
3594,Arghandab,Kandahar,52.58,20.3,11.19,100.0,52.52,307,0,2002-07-01,2002-07
3595,Arghestan,Kandahar,46.86,18.74,9.17,94.42,46.86,307,0,2004-03-01,2004-03
3596,Daman,Kandahar,48.0,19.58,10.21,100.0,47.77,307,0,2000-05-01,2000-05
3597,Ghorak,Kandahar,49.4,18.62,9.28,98.66,51.18,307,0,2004-03-01,2004-03
3598,Kandahar,Kandahar,54.35,21.63,4.65,98.62,57.19,307,0,2004-11-01,2004-11
3599,Khakrez,Kandahar,48.95,19.46,7.37,99.63,48.09,307,0,2004-04-01,2004-04
3600,Maruf,Kandahar,48.59,20.15,5.45,94.8,48.48,307,0,2004-04-01,2004-04
3601,Maywand,Kandahar,49.56,19.92,8.25,99.75,48.06,307,0,2004-03-01,2004-03
3603,Reg,Kandahar,47.89,18.85,9.61,100.0,48.16,307,0,2016-02-01,2016-02
3605,Shorabak,Kandahar,46.97,19.39,6.39,100.0,47.77,307,0,2000-05-01,2000-05
3606,Spinboldak,Kandahar,46.32,18.72,10.15,100.0,45.78,307,0,2001-11-01,2001-11
3607,Alasay,Kapisa,51.8,19.84,6.72,91.97,53.58,307,0,2007-11-01,2007-11
3608,Kohband,Kapisa,48.22,20.26,7.11,94.09,48.3,307,0,2007-11-01,2007-11
3610,Mahmud-e- Raqi,Kapisa,50.28,22.12,4.1,95.35,49.97,307,0,2007-11-01,2007-11
3611,Nejrab,Kapisa,49.95,20.36,4.64,94.82,50.0,307,0,2007-11-01,2007-11
3612,Tagab,Kapisa,50.14,20.57,3.78,96.18,50.97,307,0,2004-04-01,2004-04
3613,Bak,Khost,54.74,22.37,5.59,92.74,57.04,307,0,2001-02-01,2001-02
3614,Gurbuz,Khost,51.84,20.94,5.06,94.33,51.51,307,0,2004-05-01,2004-05
3615,Jajimaydan,Khost,53.54,20.66,6.56,92.45,55.99,307,0,2004-04-01,2004-04
3616,Khost(Matun),Khost,53.46,21.93,5.12,94.48,54.37,307,0,2004-05-01,2004-05
3617,Mandozayi,Khost,55.2,22.24,3.85,93.75,57.44,307,0,2004-05-01,2004-05
3619,Nadirshahkot,Khost,53.09,21.28,3.49,94.34,53.6,307,0,2004-05-01,2004-05
3620,Qalandar,Khost,52.01,20.52,6.29,92.32,52.11,307,0,2004-05-01,2004-05
3621,Sabari,Khost,52.39,22.27,4.29,92.98,53.25,307,0,2004-05-01,2004-05
3622,Spera,Khost,52.39,20.57,5.43,94.75,52.1,307,0,2004-05-01,2004-05
3623,Tani,Khost,51.65,20.74,4.14,94.53,52.03,307,0,2004-05-01,2004-05
3624,Terezayi,Khost,53.67,22.0,5.98,94.22,54.48,307,0,2001-02-01,2001-02
3627,Chapadara,Kunar,50.78,20.22,7.31,100.0,51.87,307,0,2000-08-01,2000-08
3628,Chawkay,Kunar,50.62,20.34,7.11,99.5,50.81,307,0,2000-08-01,2000-08
3629,Dangam,Kunar,51.24,20.9,7.68,98.14,52.1,307,0,2007-11-01,2007-11
3630,Khaskunar,Kunar,49.77,21.3,5.61,96.81,49.78,307,0,2001-03-01,2001-03
3631,Marawara,Kunar,51.43,20.64,5.3,95.55,52.02,307,0,2022-04-01,2022-04
3632,Narang,Kunar,51.08,20.74,6.53,99.26,52.63,307,0,2000-08-01,2000-08
3633,Nari,Kunar,48.84,20.01,5.08,98.93,50.24,307,0,2001-03-01,2001-03
3634,Nurgal,Kunar,50.97,20.78,6.92,97.23,52.02,307,0,2006-06-01,2006-06
3635,Dara-e-Pech,Kunar,50.61,20.44,6.63,96.94,50.48,307,0,2000-08-01,2000-08
3636,Sarkani,Kunar,51.39,20.71,4.82,97.39,51.85,307,0,2001-03-01,2001-03
3637,Aliabad,Kunduz,49.63,20.41,3.21,92.24,51.8,307,0,2023-06-01,2023-06
3638,Dasht-e-Archi,Kunduz,52.91,20.37,4.61,93.21,55.7,307,0,2020-02-01,2020-02
3639,Chardarah,Kunduz,47.26,19.34,4.46,95.34,48.99,307,0,2010-12-01,2010-12
3640,Emamsaheb,Kunduz,50.89,19.77,4.22,91.51,52.13,307,0,2008-03-01,2008-03
3641,Khanabad,Kunduz,49.77,20.55,2.12,91.85,53.0,307,0,2023-06-01,2023-06
3642,Kunduz,Kunduz,52.97,20.87,1.53,93.98,55.22,307,0,2010-12-01,2010-12
3643,Qala-e-Zal,Kunduz,48.25,18.64,6.42,89.52,49.63,307,0,2008-03-01,2008-03
3644,Alingar,Laghman,51.39,21.2,6.18,95.7,53.0,307,0,2004-05-01,2004-05
3645,Alishang,Laghman,50.56,20.5,3.66,95.55,51.73,307,0,2004-04-01,2004-04
3646,Dawlatshah,Laghman,48.11,21.43,1.19,93.88,48.2,307,0,2024-01-01,2024-01
3647,Mehtarlam,Laghman,48.82,20.42,5.54,96.95,49.35,307,0,2022-04-01,2022-04
3648,Qarghayi,Laghman,48.79,20.72,5.08,97.71,49.06,307,0,2004-04-01,2004-04
3649,Barakibarak,Logar,50.92,22.66,3.21,92.32,50.93,307,0,2004-05-01,2004-05
3651,Khoshi,Logar,51.78,19.69,5.53,92.76,51.57,307,0,2000-10-01,2000-10
3652,Mohammadagha,Logar,50.77,20.47,6.91,93.5,50.97,307,0,2004-04-01,2004-04
3653,Pul-e- Alam,Logar,50.89,21.99,5.58,94.67,50.06,307,0,2001-02-01,2001-02
3654,Achin,Nangarhar,50.18,19.75,8.22,94.83,51.19,307,0,2001-10-01,2001-10
3655,Batikot,Nangarhar,51.45,22.77,7.74,92.94,52.41,307,0,2007-11-01,2007-11
3656,Chaparhar,Nangarhar,50.93,21.61,6.07,95.1,50.66,307,0,2001-03-01,2001-03
3657,Dara-e-Nur,Nangarhar,51.49,20.87,7.35,97.15,52.29,307,0,2000-08-01,2000-08
3658,Dehbala,Nangarhar,49.6,19.55,8.05,95.92,50.03,307,0,2004-05-01,2004-05
3659,Durbaba,Nangarhar,47.83,19.55,6.86,95.8,46.75,307,0,2001-03-01,2001-03
3660,Goshta,Nangarhar,47.83,20.9,5.92,93.31,46.8,307,0,2001-02-01,2001-02
3661,Hesarak,Nangarhar,49.34,20.04,3.38,96.81,49.63,307,0,2004-04-01,2004-04
3663,Kama,Nangarhar,50.01,22.43,7.6,96.11,50.43,307,0,2006-06-01,2006-06
3664,Khogyani,Nangarhar,48.32,20.76,5.65,98.64,47.25,307,0,2004-05-01,2004-05
3665,Kuzkunar,Nangarhar,50.23,22.43,6.64,96.8,52.53,307,0,2001-03-01,2001-03
3666,Lalpur,Nangarhar,49.02,20.84,5.97,93.02,49.52,307,0,2001-03-01,2001-03
3667,Muhmand Dara,Nangarhar,49.43,21.27,5.95,95.94,49.32,307,0,2001-03-01,2001-03
3668,Nazyan,Nangarhar,49.65,19.35,8.81,94.7,48.91,307,0,2001-10-01,2001-10
3669,Pachieragam,Nangarhar,49.51,18.75,7.07,96.13,50.02,307,0,2004-05-01,2004-05
3671,Sherzad,Nangarhar,48.61,20.97,4.3,98.2,47.31,307,0,2004-04-01,2004-04
3672,Shinwar,Nangarhar,49.08,22.53,8.29,94.83,46.98,307,0,2001-10-01,2001-10
3673,Surkhrod,Nangarhar,51.47,21.95,6.43,97.98,51.76,307,0,2004-04-01,2004-04
3674,Charburjak,Nimroz,50.44,17.11,11.65,94.09,51.06,307,0,2022-04-01,2022-04
3675,Chakhansur,Nimroz,50.42,17.12,10.92,91.76,50.89,307,0,2019-01-01,2019-01
3676,Kang,Nimroz,43.71,19.92,7.72,97.47,39.46,307,0,2019-01-01,2019-01
3677,Khashrod,Nimroz,51.53,18.78,11.71,92.96,52.62,307,26,2004-02-01,2004-02
3678,Zaranj,Nimroz,47.74,18.26,9.35,90.95,47.87,307,0,2001-06-01,2001-06
3679,Barg-e- Matal,Nuristan,48.51,19.31,3.79,99.51,49.27,307,0,2024-01-01,2024-01
3680,Kamdesh,Nuristan,48.87,21.0,3.95,99.13,48.68,307,0,2024-01-01,2024-01
3682,Nurgeram,Nuristan,50.12,21.54,6.24,95.54,50.78,307,0,2007-11-01,2007-11
3684,Waygal,Nuristan,49.18,20.49,3.6,97.13,48.18,307,0,2024-01-01,2024-01
3685,Bermel,Paktika,52.49,19.7,6.25,95.16,52.0,307,0,2004-05-01,2004-05
3686,Dila,Paktika,48.34,21.37,4.04,97.93,47.81,307,0,2016-02-01,2016-02
3687,Gyan,Paktika,52.6,19.47,7.0,96.33,51.85,307,0,2000-06-01,2000-06
3688,Gomal,Paktika,51.82,20.42,5.02,96.76,50.34,307,0,2001-10-01,2001-10
3689,Matakhan,Paktika,50.94,20.87,5.74,96.98,51.52,307,0,2000-06-01,2000-06
3690,Naka,Paktika,51.95,19.61,8.29,96.63,52.33,307,0,2004-07-01,2004-07
3691,Omna,Paktika,51.51,19.33,3.93,97.11,50.82,307,0,2001-10-01,2001-10
3692,Sarrawzah(Sarhawzah),Paktika,51.68,19.85,5.46,97.32,51.94,307,0,2000-06-01,2000-06
3693,Sarobi,Paktika,53.56,19.9,6.87,100.0,52.46,307,0,2004-05-01,2004-05
3695,Urgun,Paktika,52.34,20.19,8.21,96.97,52.02,307,0,2001-10-01,2001-10
3697,Wormamay,Paktika,51.46,20.95,2.05,97.98,52.53,307,0,2001-10-01,2001-10
3699,Ziruk,Paktika,53.44,19.84,7.28,93.7,54.23,307,0,2004-05-01,2004-05
3700,Azra,Logar,52.63,18.71,8.07,95.7,52.41,307,0,2006-07-01,2006-07
3701,Chamkani,Paktya,51.85,21.31,4.92,95.01,52.52,307,0,2004-05-01,2004-05
3702,Dand wa Patan,Paktya,51.46,21.58,5.95,93.5,52.76,307,0,2004-04-01,2004-04
3703,Gardez,Paktya,51.27,20.71,6.78,96.53,51.18,307,0,2000-06-01,2000-06
3704,Zadran,Paktya,52.0,19.81,8.89,94.76,51.91,307,0,2004-04-01,2004-04
3705,Alikhel (Jaji),Paktya,51.5,20.81,9.47,95.92,50.96,307,0,2000-05-01,2000-05
3707,Lija Ahmad Khel,Paktya,50.31,20.5,6.05,94.35,50.11,307,0,2004-04-01,2004-04
3709,Shamal,Khost,51.3,19.91,6.12,94.01,51.4,307,0,2004-05-01,2004-05
3710,Shawak,Paktya,51.28,20.72,4.02,93.74,50.75,307,0,2004-04-01,2004-04
3711,Zurmat,Paktya,52.14,20.41,6.1,96.87,52.38,307,0,2000-06-01,2000-06
3712,Bagram,Parwan,51.91,21.15,5.62,95.11,53.39,307,0,2004-04-01,2004-04
3714,Ghorband,Parwan,49.74,19.66,11.35,95.12,49.67,307,0,2006-07-01,2006-07
3716,Dara,Panjsher,51.16,18.0,8.38,95.29,51.37,307,0,2006-07-01,2006-07
3717,Jabalussaraj,Parwan,48.02,20.79,4.75,93.94,46.07,307,0,2011-01-01,2011-01
3718,Koh-e- Safi,Parwan,49.04,19.18,4.4,95.75,49.77,307,0,2004-04-01,2004-04
3720,Salang,Parwan,48.93,19.19,6.54,93.7,47.38,307,0,2007-11-01,2007-11
3721,Shekhali,Parwan,50.2,18.87,9.96,93.02,50.42,307,0,2001-06-01,2001-06
3722,Shinwari,Parwan,49.5,19.62,7.66,97.48,49.77,307,0,2006-07-01,2006-07
3723,Surkh-e- Parsa,Parwan,51.42,18.63,8.5,91.46,51.74,307,0,2006-07-01,2006-07
3724,Aybak,Samangan,47.92,19.25,4.01,91.43,47.18,307,0,2000-06-01,2000-06
3727,Khuram Wa Sarbagh,Samangan,49.87,21.3,0.27,88.72,49.91,307,0,2023-06-01,2023-06
3728,Ruy-e-Duab,Samangan,50.73,20.74,3.74,97.51,52.21,307,0,2000-06-01,2000-06
3729,Balkhab,Sar-e-Pul,50.54,20.29,4.07,93.68,51.38,307,0,2000-06-01,2000-06
3730,Kohestanat,Sar-e-Pul,49.23,21.62,0.05,95.55,49.05,307,0,2000-06-01,2000-06
3733,Sayad,Sar-e-Pul,48.39,20.83,4.64,94.86,49.15,307,0,2023-06-01,2023-06
3735,Bangi,Takhar,48.41,20.61,1.23,92.14,49.67,307,0,2023-06-01,2023-06
3736,Chahab,Takhar,49.75,20.69,3.12,96.65,51.1,307,0,2008-03-01,2008-03
3737,Chal,Takhar,47.69,20.67,0.9,89.98,47.68,307,0,2000-06-01,2000-06
3738,Darqad,Takhar,50.48,20.63,3.37,97.15,51.13,307,0,2010-12-01,2010-12
3740,Eshkashem,Takhar,49.36,21.4,0.23,91.13,49.54,307,0,2023-06-01,2023-06
3741,Kalafgan,Takhar,48.14,20.84,4.34,92.51,47.62,307,0,2023-06-01,2023-06
3743,Rostaq,Takhar,47.71,20.43,4.95,95.58,47.51,307,0,2020-02-01,2020-02
3744,Taloqan,Takhar,49.49,20.55,2.63,92.39,50.06,307,0,2023-06-01,2023-06
3745,Warsaj,Takhar,48.65,20.83,3.93,92.29,47.93,307,0,2010-12-01,2010-12
3747,Chora,Uruzgan,46.59,20.0,3.33,95.85,46.03,307,0,2004-04-01,2004-04
3749,Dehrawud,Uruzgan,49.62,20.87,6.47,95.2,49.34,307,0,2011-01-01,2011-01
3750,Gizab,Daykundi,47.96,20.69,4.76,96.09,48.38,307,0,2004-04-01,2004-04
3751,Khasuruzgan,Uruzgan,48.71,19.98,7.99,98.32,47.54,307,0,2000-05-01,2000-05
3753,Nesh,Kandahar,47.68,18.93,5.48,96.77,48.07,307,0,2004-04-01,2004-04
3756,Tirinkot,Uruzgan,48.4,19.43,4.01,94.9,45.84,307,0,2004-04-01,2004-04
3757,Chak,Wardak,50.17,19.54,3.93,92.19,50.64,307,0,2000-06-01,2000-06
3760,Jalrez,Wardak,51.39,18.05,5.64,91.74,50.49,307,0,2006-07-01,2006-07
3762,Maydanshahr,Wardak,50.43,20.68,7.26,92.27,51.31,307,0,2010-12-01,2010-12
3763,Nerkh,Wardak,50.58,20.3,7.76,92.95,51.05,307,0,2006-07-01,2006-07
3764,Saydabad,Wardak,50.83,20.02,6.14,90.08,50.43,307,0,2000-06-01,2000-06
3765,Arghandab,Zabul,48.75,19.84,4.53,95.95,47.64,307,0,2004-04-01,2004-04
3766,Atghar,Zabul,50.47,20.09,2.01,94.62,50.61,307,0,2001-11-01,2001-11
3768,Mizan,Zabul,48.51,19.42,5.87,96.58,47.32,307,0,2004-04-01,2004-04
3769,Qalat,Zabul,48.04,19.37,5.5,96.05,48.45,307,0,2004-04-01,2004-04
3770,Shahjoy,Zabul,50.43,20.96,3.38,95.8,48.34,307,0,2004-04-01,2004-04
3771,Shomulzay,Zabul,48.89,20.69,1.47,95.85,49.15,307,0,2000-10-01,2000-10
3772,Shinkay,Zabul,48.85,19.41,5.1,94.43,48.86,307,0,2004-04-01,2004-04
3773,Tarnak Wa Jaldak,Zabul,48.4,19.06,5.53,96.45,47.92,307,0,2004-04-01,2004-04
99882,Panjwayi,Kandahar,47.77,18.4,10.0,98.72,47.84,307,0,2000-05-01,2000-05
99883,Zheray,Kandahar,50.91,20.11,4.3,98.46,51.84,307,0,2004-11-01,2004-11
99884,Shahwalikot,Kandahar,48.25,19.24,7.44,99.26,48.05,307,0,2004-04-01,2004-04
99885,Miyanshin,Kandahar,48.57,18.77,6.43,98.11,48.25,307,0,2000-06-01,2000-06
99886,Shahid-e-Hassas,Uruzgan,47.69,20.27,3.31,98.52,46.7,307,26,2004-04-01,2004-04
99887,Daychopan,Zabul,49.23,19.61,10.08,97.86,49.06,307,0,2004-06-01,2004-06
99888,Kakar,Zabul,50.56,18.48,9.98,96.88,50.07,307,0,2004-05-01,2004-05
99889,Nawbahar,Zabul,49.97,20.9,3.82,96.98,49.77,307,0,2004-04-01,2004-04
99890,Waghaz,Ghazni,50.98,19.97,6.86,90.98,50.8,307,0,2000-06-01,2000-06
99891,Walimuhammad-e- Shahid,Ghazni,50.55,19.81,7.4,90.03,49.83,307,0,2004-08-01,2004-08
99892,Jaghatu,Ghazni,51.74,19.17,7.24,89.78,52.57,307,0,2000-06-01,2000-06
99893,Rashidan,Ghazni,50.95,19.11,3.9,89.79,50.69,307,0,2000-06-01,2000-06
99894,Khwajaumari,Ghazni,51.27,19.78,6.96,89.87,50.74,307,0,2000-06-01,2000-06
99895,Nawa,Ghazni,50.02,20.9,4.44,99.68,49.83,307,0,2004-04-01,2004-04
99896,Turwo (Tarwe),Paktika,48.39,20.47,4.7,97.32,48.01,307,0,2016-02-01,2016-02
99897,Wazakhah,Paktika,50.19,20.62,6.55,97.64,49.72,307,0,2000-06-01,2000-06
99898,Zarghunshahr,Paktika,50.83,21.17,3.71,95.32,50.0,307,0,2004-04-01,2004-04
99899,Janikhel,Paktika,51.15,20.82,4.86,95.5,50.13,307,0,2004-04-01,2004-04
99900,Yahyakhel,Paktika,51.65,21.47,3.86,99.66,50.86,307,0,2000-06-01,2000-06
99901,Yosufkhel,Paktika,52.11,20.45,4.67,94.11,52.16,307,0,2000-06-01,2000-06
99902,Sharan,Paktika,51.32,21.17,6.18,97.05,51.77,307,0,2000-06-01,2000-06
99903,Musakhel,Khost,51.02,20.31,9.53,94.76,51.04,307,0,2007-11-01,2007-11
99904,Janikhel,Paktya,50.09,20.24,4.27,94.75,48.81,307,0,2004-05-01,2004-05
99905,Ahmadaba,Paktya,52.36,19.73,5.17,96.37,51.64,307,0,2000-10-01,2000-10
99906,Sayedkaram,Paktya,51.15,20.27,6.67,96.24,51.14,307,0,2000-06-01,2000-06
99907,Kharwar,Logar,49.19,19.63,6.04,97.07,48.3,307,0,2000-06-01,2000-06
99908,Charkh,Logar,50.31,21.6,4.86,92.78,49.62,307,0,2004-05-01,2004-05
99909,Jaghatu,Wardak,51.61,18.97,3.83,89.23,50.35,307,0,2000-06-01,2000-06
99910,Daymirdad,Wardak,52.38,19.26,2.51,91.49,52.54,307,0,2000-06-01,2000-06
99911,Hesa-e- Awal-e- Behsud,Wardak,50.62,18.21,5.93,90.73,51.06,307,0,2000-06-01,2000-06
99912,Markaz-e-Behsud,Wardak,51.83,18.45,2.56,90.78,52.14,307,0,2000-06-01,2000-06
99913,Jalalabad,Nangarhar,47.55,16.16,9.5,91.83,47.3,307,0,2021-02-01,2021-02
99914,Kot,Nangarhar,51.8,21.16,6.01,94.52,51.93,307,0,2001-03-01,2001-03
99915,Rodat,Nangarhar,52.71,22.07,6.66,95.42,53.53,307,0,2001-03-01,2001-03
99916,Nili,Daykundi,51.01,19.46,4.42,94.74,51.62,307,0,2000-06-01,2000-06
99917,Miramor,Daykundi,51.24,18.63,4.01,93.24,52.03,307,0,2000-06-01,2000-06
99918,Shahrestan,Daykundi,49.3,20.1,4.84,95.92,49.16,307,0,2000-06-01,2000-06
99919,Ashtarlay,Daykundi,50.7,19.24,2.76,95.83,50.79,307,0,2000-06-01,2000-06
99920,Waras,Bamyan,52.07,18.88,0.18,95.67,52.28,307,0,2000-06-01,2000-06
99921,Panjab,Bamyan,50.51,17.84,0.81,92.96,51.98,307,0,2000-06-01,2000-06
99922,Sayghan,Bamyan,48.54,18.72,6.47,95.99,48.09,307,0,2000-06-01,2000-06
99923,Shakardara,Kabul,49.65,21.19,8.07,93.6,51.66,307,0,2004-04-01,2004-04
99924,Guldara,Kabul,49.17,20.24,7.29,94.27,48.71,307,0,2006-07-01,2006-07
99925,Charikar,Parwan,49.36,20.99,2.47,94.39,47.92,307,0,2010-12-01,2010-12
99926,Saydkhel,Parwan,49.42,21.2,5.29,94.01,49.24,307,0,2011-01-01,2011-01
99927,Hisa-e- Awal-e- Kohestan,Kapisa,47.55,21.37,4.97,94.0,46.14,307,0,2007-11-01,2007-11
99928,Behsud,Nangarhar,49.56,21.89,7.92,96.36,49.79,307,0,2022-04-01,2022-04
99929,Hisa-e- Duwum-e- Kohestan,Kapisa,48.35,21.38,3.42,91.84,45.64,307,0,2010-12-01,2010-12
99930,Onaba(Anawa),Panjsher,50.51,19.68,5.66,92.71,49.88,307,0,2007-11-01,2007-11
99931,Rukha,Panjsher,51.33,19.38,7.4,92.0,51.25,307,0,2006-07-01,2006-07
99932,Duab,Nuristan,49.39,21.7,1.1,95.76,49.71,307,0,2024-01-01,2024-01
99933,Asadabad,Kunar,49.48,20.03,5.95,95.68,49.2,307,0,2000-08-01,2000-08
99934,Watapur,Kunar,50.95,20.61,8.57,96.84,52.15,307,0,2000-08-01,2000-08
99935,Shigal Wa sheltan,Kunar,50.03,20.18,7.64,97.34,50.7,307,0,2007-11-01,2007-11
99936,Barkunar,Kunar,50.37,20.34,7.71,98.28,50.92,307,0,2000-05-01,2000-05
99937,Ghaziabad,Kunar,49.37,19.1,5.65,97.93,50.27,307,0,2010-12-01,2010-12
99938,Wama,Nuristan,49.96,20.54,5.84,98.85,48.85,307,0,2006-07-01,2006-07
99939,Bazarak,Panjsher,50.18,19.64,8.42,90.6,50.44,307,0,2006-06-01,2006-06
99940,Shutul,Panjsher,48.8,19.64,9.27,90.67,48.8,307,0,2011-01-01,2011-01
99941,Poruns,Nuristan,49.48,19.61,3.71,92.15,49.93,307,0,2024-01-01,2024-01
99942,Mandol,Nuristan,48.94,20.82,0.32,93.66,49.41,307,0,2024-01-01,2024-01
99943,Paryan,Panjsher,50.46,17.85,8.32,95.44,50.63,307,0,2011-08-01,2011-08
99944,Khenj (Hes-e- Awal),Panjsher,51.37,18.26,11.36,90.16,50.71,307,0,2000-05-01,2000-05
99945,Kahmard,Bamyan,48.63,19.51,6.25,93.59,48.12,307,0,2023-06-01,2023-06
99946,Sang-e-Takht,Daykundi,50.46,18.98,2.47,100.0,52.19,307,0,2000-06-01,2000-06
99947,Kohsan,Hirat,44.44,16.28,8.34,94.87,43.57,307,0,2008-03-01,2008-03
99948,Kushk-e-Kohna,Hirat,47.74,19.67,3.34,95.33,48.27,307,0,2018-01-01,2018-01
99949,Ghoryan,Hirat,46.44,17.29,8.99,93.26,46.61,307,0,2016-02-01,2016-02
99950,Adraskan,Hirat,46.1,19.12,6.1,98.71,45.76,307,0,2008-03-01,2008-03
99951,Guzara,Hirat,46.4,20.04,4.38,95.5,46.77,307,0,2000-06-01,2000-06
99952,Muqur,Badghis,47.35,19.47,3.43,96.67,48.12,307,0,2018-01-01,2018-01
99953,Abkamari,Badghis,48.22,20.06,3.77,95.84,48.73,307,0,2018-01-01,2018-01
99954,Qadis,Badghis,47.99,21.24,1.72,97.07,48.63,307,0,2000-06-01,2000-06
99955,Garziwan,Faryab,50.07,21.55,0.48,96.49,51.17,307,0,2000-06-01,2000-06
99956,Bilcheragh,Faryab,48.48,21.5,0.69,95.26,49.19,307,0,2000-06-01,2000-06
99957,Pashtunkot,Faryab,49.04,21.39,4.29,96.51,50.31,307,0,2000-06-01,2000-06
99958,Maymana,Faryab,48.38,20.72,3.52,96.48,49.01,307,0,2000-06-01,2000-06
99959,Khwajasabzposh,Faryab,46.45,20.12,4.15,96.14,45.45,307,0,2010-12-01,2010-12
99960,Qaramqol,Faryab,46.05,18.32,6.75,92.35,45.38,307,0,2008-04-01,2008-04
99961,Darzab,Jawzjan,48.57,19.4,4.05,93.75,49.47,307,0,2010-12-01,2010-12
99962,Qushtepa,Jawzjan,46.03,19.49,4.07,91.57,46.6,307,0,2023-05-01,2023-05
99963,Andkhoy,Faryab,45.4,17.78,5.92,93.25,44.96,307,0,2018-02-01,2018-02
99964,Khanaqa,Jawzjan,45.76,17.67,4.09,93.96,46.09,307,0,2018-02-01,2018-02
99965,Fayzabad,Jawzjan,45.88,18.62,3.86,93.91,46.31,307,0,2018-02-01,2018-02
99966,Aqcha,Jawzjan,46.95,19.43,2.8,90.64,48.13,307,0,2018-01-01,2018-01
99967,Shahrak,Ghor,47.87,20.55,0.0,92.95,46.88,307,0,2000-06-01,2000-06
99968,DoLayna,Ghor,48.79,20.46,3.2,93.25,48.64,307,0,2000-06-01,2000-06
99969,Charsadra,Ghor,48.13,22.2,0.66,99.84,48.39,307,26,2000-06-01,2000-06
99970,Chaghcharan,Ghor,48.81,20.63,0.96,94.95,48.98,307,0,2000-06-01,2000-06
99971,Dawlatyar,Ghor,49.93,21.04,1.76,92.93,50.06,307,0,2000-06-01,2000-06
99972,Sharak-e-Hayratan,Balkh,51.92,20.27,0.13,100.0,53.84,307,26,2001-09-01,2001-09
99973,Kaldar,Balkh,48.68,18.65,7.23,93.24,48.71,307,0,2001-04-01,2001-04
99974,Khulm,Balkh,47.34,18.5,4.32,92.48,49.34,307,0,2018-01-01,2018-01
99975,Keshendeh,Balkh,47.32,21.14,2.76,93.33,46.95,307,0,2023-06-01,2023-06
99976,Zari,Balkh,49.64,21.1,1.32,91.56,49.96,307,0,2000-06-01,2000-06
99977,Feroznakhchir,Samangan,45.08,18.55,4.33,89.97,44.29,307,0,2000-06-01,2000-06
99978,Dara-e Suf-e-Bala,Samangan,51.35,20.41,5.42,93.56,51.12,307,0,2000-06-01,2000-06
99979,Sar-e-Pul,Sar-e-Pul,47.88,19.96,5.66,96.33,48.83,307,0,2000-06-01,2000-06
99980,Sozmaqala,Sar-e-Pul,46.42,20.4,3.68,95.21,45.57,307,0,2000-06-01,2000-06
99981,Gosfandi,Sar-e-Pul,47.91,20.49,4.9,92.73,47.59,307,0,2000-06-01,2000-06
99982,Sancharak(sangchark),Sar-e-Pul,50.17,21.02,3.51,92.53,50.46,307,0,2000-06-01,2000-06
99983,Baghlan-e-Jadid,Baghlan,49.23,20.05,5.42,89.32,51.82,307,0,2008-03-01,2008-03
99984,Nahrin,Baghlan,49.51,21.09,2.29,90.57,50.26,307,0,2023-06-01,2023-06
99985,Khwajahejran,Baghlan,47.49,20.3,1.29,95.14,47.96,307,0,2023-06-01,2023-06
99986,Andarab,Baghlan,48.67,20.68,0.69,92.38,48.99,307,0,2023-06-01,2023-06
99987,Guzargah-e- Nur,Baghlan,48.93,19.91,0.0,92.19,48.68,307,0,2023-06-01,2023-06
99988,Fereng Wa Gharu,Baghlan,49.44,20.54,0.0,98.65,48.76,307,0,2023-06-01,2023-06
99989,Dehsalah,Baghlan,48.06,21.22,1.26,97.95,47.07,307,0,2023-06-01,2023-06
99990,Namakab,Takhar,49.01,21.21,1.67,91.75,49.31,307,0,2023-06-01,2023-06
99991,Farkhar,Takhar,49.64,20.7,0.62,91.68,49.72,307,0,2023-06-01,2023-06
99992,Baharak,Takhar,49.77,20.86,4.64,94.09,52.12,307,0,2020-02-01,2020-02
99993,Hazarsumuch,Takhar,47.24,19.78,4.25,91.72,47.02,307,0,2020-02-01,2020-02
99994,Dasht-e- Qala,Takhar,51.26,20.93,5.42,96.41,53.65,307,0,2008-03-01,2008-03
99995,Khwajabahawuddin,Takhar,50.77,20.78,5.14,100.0,51.93,307,26,2008-03-01,2008-03
99996,Yangi Qala,Takhar,51.95,21.54,4.42,96.81,54.92,307,0,2008-03-01,2008-03
99997,Yawan,Badakhshan,48.23,20.48,3.93,91.91,49.77,307,0,2017-10-01,2017-10
99998,Raghestan,Badakhshan,48.76,20.16,6.38,93.07,48.66,307,0,2023-12-01,2023-12
99999,Khwahan,Badakhshan,49.77,20.29,5.68,92.86,50.62,307,0,2008-03-01,2008-03
100000,Kofab,Badakhshan,49.74,19.47,7.0,96.87,49.51,307,0,2008-07-01,2008-07
100001,Yaftal-e-Sufla,Badakhshan,49.49,20.91,4.92,93.3,50.08,307,0,2017-10-01,2017-10
100002,Kohestan,Badakhshan,48.8,18.51,6.93,91.78,47.76,307,0,2017-10-01,2017-10
100003,Shaki,Badakhshan,51.82,20.2,7.17,95.1,51.64,307,0,2008-05-01,2008-05
100004,Darwaz,Badakhshan,50.6,20.21,6.06,99.4,49.75,307,0,2010-12-01,2010-12
100005,Darwaz-e-Balla,Badakhshan,50.61,19.07,3.2,96.21,50.54,307,0,2010-12-01,2010-12
100006,Arghanjkhwa,Badakhshan,49.41,19.9,5.92,91.58,50.36,307,0,2018-01-01,2018-01
100007,Fayzabad,Badakhshan,51.33,20.47,6.85,93.07,51.04,307,0,2001-05-01,2001-05
100008,Shuhada,Badakhshan,50.38,20.32,2.19,98.47,51.18,307,0,2010-12-01,2010-12
100009,Khash,Badakhshan,51.23,20.23,5.8,97.67,49.99,307,0,2007-11-01,2007-11
100010,Argo,Badakhshan,50.43,20.6,6.39,93.85,50.42,307,0,2001-05-01,2001-05
100011,Darayem,Badakhshan,51.54,19.89,6.08,97.51,51.18,307,0,2023-06-01,2023-06
100012,Teshkan,Badakhshan,48.72,21.07,1.88,90.64,47.85,307,0,2023-06-01,2023-06
100013,Baharak,Badakhshan,51.19,20.72,4.16,95.79,52.04,307,0,2010-12-01,2010-12
100014,Warduj,Badakhshan,49.9,20.17,2.01,97.45,49.15,307,0,2010-12-01,2010-12
100015,Jorm,Badakhshan,50.21,19.77,6.76,93.3,49.29,307,0,2001-05-01,2001-05
100016,Yamgan,Badakhshan,50.16,19.28,7.42,92.18,51.25,307,0,2001-05-01,2001-05
100017,Keshem,Badakhshan,49.21,21.4,0.52,92.76,49.74,307,0,2023-06-01,2023-06
100018,Tagab,Badakhshan,49.19,21.2,5.54,96.31,49.57,307,0,2023-06-01,2023-06
100019,Khwajaghar,Takhar,51.78,20.67,4.81,94.76,54.72,307,0,2008-03-01,2008-03
100020,Khost Wa Fereng,Baghlan,49.13,21.08,6.5,99.31,51.28,307,0,2000-06-01,2000-06
100021,Pul-e-Hesar,Baghlan,49.42,20.91,6.71,94.78,50.71,307,0,2007-11-01,2007-11
100022,Hazrat-e- Sultan,Samangan,46.98,18.9,4.96,91.15,46.85,307,0,2000-06-01,2000-06
100023,Dara-e- Suf-e- Payin,Samangan,47.81,21.27,0.73,92.49,47.82,307,0,2000-06-01,2000-06
100024,Qala-e-Naw,Badghis,48.14,21.17,1.36,96.12,48.14,307,26,2000-06-01,2000-06
100025,Kajran,Daykundi,47.43,19.98,5.0,95.79,47.1,307,0,2004-04-01,2004-04
100026,kiti,Daykundi,47.9,19.9,4.19,93.0,47.96,307,0,2000-06-01,2000-06
100027,Khadir,Daykundi,50.98,18.82,3.78,95.17,51.14,307,0,2000-06-01,2000-06
